{"cameraMode":{"drawMode":0,"name":"Shaded","section":"Shading Mode"},"sceneLighting":true,"audioPlay":false,"sceneViewState":{"m_AlwaysRefresh":false,"showFog":true,"showSkybox":true,"showFlares":true,"showImageEffects":true,"showParticleSystems":true,"showVisualEffectGraphs":true,"m_FxEnabled":true},"in2DMode":false,"pivot":{"x":450.8681945800781,"y":10.7586669921875,"z":153.55801391601563},"rotation":{"x":0.625554084777832,"y":-0.009361440315842629,"z":0.007506967522203922,"w":0.7800893187522888},"size":257.29290771484377,"orthographic":false}